value,evcs
2.0370314e-15,0
18.453547,0
0.0008998954,0
0.007576119,0
13.4595175,0
0.0004909429,0
3.3683766e-14,0
0.025572028,0
0.0076041156,0
160.56721,0
0.0056913383,0
1609.1459,0
540.5193,0
0.0012868504,0
1047.3978,0
1740.9081,0
0.004920428,0
8.402733e-14,0
0.0010268806,0
2.1075969,0
1.6211376,0
0.0016068132,0
0.033060156,0
1.513223,0
0.005038414,0
0.7090545,0
0.0028686665,0
1.7045629,0
0.008012068,0
0.06337063,0
2.6806014,0
0.0008918963,0
5.2631383,0
23.135757,0
21.53015,0
2.203378,0
3.3367062,0
3.2410913,0
9.720318,0
1.5134431,0
9.371202,0
2.761184,0
0.0189138,0
12.910835,0
2.5600336,0
2.2392416,0
1.3563123,0
0.43408957,0
4.0543194,0
73.80843,0
1.1300256,0
2.4377885,0
3.7912133,0
1.9488153,0
6.090037,0
14.465299,0
7.980801,0
16.339006,0
2.2235646,0
37.589226,0
97.26445,0
123.15048,0
83.62131,0
23.535625,0
0.047960423,0
4.3094587,0
0.75405735,0
1.6459939e-14,0
1.4336534,0
3.673827,0
6.7724047,0
1.6178028e-13,0
2.0528762,0
1.8336408,0
0.009845856,0
0.089245625,0
0.09020351,0
3.9791105,0
129.0534,0
17.884712,0
0.0020237647,0
3.1564893e-14,0
0.010032834,0
0.009871853,0
0.00030496455,0
0.028771656,0
0.0026946866,0
0.085307084,0
1.1058074,0
2.1075819,0
0.054418676,0
3.833669e-11,0
3.4454929e-13,0
0.65422994,0
0.0044144867,0
0.0033346124,0
0.0016788048,0
0.11048415,0
0.014836275,0
0.0016518079,0
0.0022647367,0
8.0098776e-14,0
0.008120055,0
0.0010128822,0
0.002072759,0
0.022570375,0
0.0031066388,0
0.0013408441,0
0.010820742,0
0.0022497387,0
0.011447669,0
3.4844057e-13,0
0.0369887,0
0.0116406465,0
0.0055973497,0
0.007495129,0
0.0009608883,0
0.10414589,0
3.1501233e-14,0
4.6378836e-15,0
0.0077381004,0
1.3562973,0
0.003242623,0
0.10900632,0
8.320909e-14,0
1.2284026e-13,0
0.012708523,0
0.0018297873,0
0.0048314384,0
0.006054296,0
0.0034975936,0
1.3816315,0
0.050830092,0
0.013690408,0
0.003234624,0
0.00413052,0
0.000987885,0
0.9697492,0
0.04284202,0
0.00025796998,0
0.00014998257,0
0.0074021393,0
0.08222744,0
0.08896366,0
0.00013398443,0
21.338411,0
9.198931e-05,0
1.9015009,0
0.014908267,0
0.022479387,0
4.0229163,0
0.000128985,0
0.6664255,0
0.006004302,0
7.431508e-14,0
0.0009788861,0
0.021058552,0
0.0017327985,0
9.598884e-05,0
0.73942804,0
2.5498667,0
24.947895,0
5.6488075,0
6.8325176,0
24.684317,0
16.814028,0
0.6400576,0
0.0017607954,0
0.0009998837,0
0.0074241366,0
1.3575102,0
4.3554883,0
2.716217,0
1.8296906e-14,0
0.00018097895,0
8.599e-05,0
0.00086289964,0
0.0073151495,0
1.9024377e-14,0
0.70371616,0
0.041552167,0
0.048684344,0
8.295971,0
8.624504,0
0.0395604,0
3.8630743e-14,0
0.0010508779,0
0.0057063363,0
0.026030974,0
4.0098066,0
39.48015,0
4.4070835,0
0.00584732,0
2.9279675,0
1.7161024,0
2.8081023e-13,0
0.0061992793,0
0.002123753,0
0.0016668062,0
0.002766678,0
0.053440787,0
3.2672446e-13,0
0.051893964,0
4.3846987e-13,0
0.001581816,0
2.3507278,0
0.030477457,0
0.000997884,0
50.29461,0
13.580914,0
0.0019307756,0
0.091649346,0
0.0008449018,0
0.027154842,0
1.3561603,0
1.3077707e-12,0
5.979828,0
12.806218,0
0.32198757,0
0.049689222,0
7.322096,0
13.5478,0
0.09481397,0
1.3350338,0
1.2902901,0
1.6239272,0
127.97052,0
161.62633,0
4.3586793,0
0.14329433,0
5.8600883e-14,0
0.019879688,0
0.5087709,0
0.0050594117,0
0.014007372,0
0.103008024,0
0.17826627,0
0.10278705,0
12.734189,0
7.6099696,0
0.023421276,0
0.02013666,0
0.062014792,0
0.008622997,0
127.85658,0
111.63552,0
0.16529179,0
2.5347424,0
1.694733e-13,0
0.004454482,0
0.009745867,0
0.103919916,0
0.089310616,0
0.07715403,0
0.063438624,0
0.12510845,0
0.04670357,0
0.09699572,0
2.732984,0
0.0011778631,0
154.78171,0
65.996635,0
5.814067,0
3.079635,0
0.23573859,0
0.0068502035,0
0.07297751,0
0.0619058,0
0.019741705,0
1.8780653e-13,0
0.021743473,0
0.5154341,0
0.043292966,0
16.806715,0
15.051998,0
0.29147512,0
2.6682909,0
129.00237,0
127.30259,0
0.7390711,0
6.1874666,0
4.758157,0
1.1141805e-13,0
1.8660661e-14,0
0.08827973,0
3.7366877,0
0.010720754,0
0.0021247528,0
0.04825539,0
18.038588,0
69.37116,0
2.236112,0
1.9593482,0
102.06751,0
34.382965,0
1.2200282,0
0.6518492,0
0.0005369376,0
1.8551534e-14,0
0.022692362,0
0.09252324,0
0.010137821,0
1.4947582,0
2.1619537,0
3.3956032,0
0.0024627135,0
30.901323,0
105.99073,0
15.784278,0
0.053866737,0
164.2212,0
91.98967,0
0.7322699,0
0.07788195,0
1.2387229,0
4.3618,0
1.8026074,0
1.6314343,0
0.08110557,0
0.006237275,0
5.6292852e-12,0
61.81501,0
141.74017,0
57.4354,0
10.499045,0
180.04279,0
60.802216,0
0.013835391,0
0.0021097548,0
0.008865969,0
0.0011578654,0
1.3137653,0
0.0052493894,0
0.063180655,0
0.010093827,0
0.10815042,0
547.0868,0
372.76627,0
183.69751,0
87.089165,0
92.93417,0
39.9824,0
0.34165326,0
1.1560006,0
100.56867,0
111.21634,0
4.9990206,0
0.0011178701,0
0.011484664,0
4.676078e-14,0
0.05924511,0
0.17179103,0
1.4755274,0
1.6643084,0
0.97459567,0
0.05830922,0
1.4672084,0
13.565487,0
257.20978,0
674.12415,0
45.59938,0
13.1918545,0
8.75265,0
13.765222,0
6.170463,0
1.2786009e-14,0
64.118225,0
784.359,0
15.745447,0
19.592575,0
9.220476e-13,0
0.020998558,0
0.0045844666,0
0.2529876,0
2.1031833,0
0.037697617,0
16.703354,0
693.7742,0
3048.836,0
2331.1873,0
1419.4518,0
47.131733,0
216.86351,0
1.6275738,0
305.93973,0
0.8039475,0
0.017607953,0
9.597152,0
1.9550267,0
11.3873005,0
0.0038735496,0
14.790041,0
0.03820156,0
0.016028138,0
3.775773e-14,0
0.030988397,0
74.69054,0
72.9421,0
30.322508,0
41.82825,0
16.143791,0
17.309679,0
79.59236,0
10.188649,0
2.8181763,0
16.763563,0
37.38654,0
22.022945,0
28.359947,0
24.089703,0
42.006985,0
564.4056,0
1096.802,0
1571.0505,0
2792.9617,0
1867.8346,0
0.053625762,0
0.39176646,0
0.0421231,0
0.012068597,0
44.911324,0
60.162643,0
10.870885,0
29.62301,0
0.19757204,0
0.062209766,0
0.0017227996,0
3.7414181,0
0.026111964,0
0.014060365,0
3.5528352,0
9.947414,0
48.450657,0
131.62369,0
7.803065,0
0.9012282,0
0.0040095337,0
0.0007859086,0
6.5032587,0
11.801544,0
4.1300507,0
0.0013618417,0
0.0020517614,0
7.3674827,0
0.16574273,0
9.594261,0
0.12913598,0
0.08159351,0
109.19763,0
0.45813075,0
0.05392573,0
0.010592769,0
4.192052,0
0.037396654,0
4.328109,0
20.868784,0
0.82079154,0
14.178545,0
9.020457,0
13.948376,0
16.283136,0
23.699781,0
59.689007,0
91.78835,0
0.019374749,0
3.168311e-14,0
0.1796921,0
0.0003749564,0
0.13579522,0
0.01583416,0
0.3947471,0
6.5809565,0
0.20774984,0
0.07284353,0
0.0103587955,0
4.1169095,0
25.807432,0
61.41399,0
95.60289,0
66.918594,0
0.064000554,0
0.04796342,0
0.0014598303,0
0.037955586,0
0.0045604696,0
2.7304056,0
0.0010478782,0
0.0027106847,0
1.1278958,0
3.018769,0
34.727818,0
25.823135,0
27.87458,0
22.645256,0
0.10260607,0
0.04423386,0
0.033755075,0
0.027924754,0
0.0034885944,0
0.011281689,0
0.009256924,0
0.12113492,0
0.021723473,0
0.0032326241,0
11.628286,0
0.019797698,0
6.681166,0
17.998775,0
1.1015769,0
0.030246483,0
0.0044344845,0
0.09415905,0
0.032893173,0
4.751062,0
0.0018087897,0
0.11258391,0
0.017393976,0
1.5081268e-13,0
0.9771804,0
1.6657213,0
2.3575609,0
2.324071,0
0.11637647,0
2.246142,0
0.06310366,0
0.0015008255,0
38.757584,0
2.0433617,0
4.3622394,0
11.416265,0
2.3021653,0
13.341752,0
2.1099787,0
2.9630365,0
2.900055,0
1.101398,0
1.2682595,0
0.011783631,0
0.19703609,0
0.011455668,0
5.666766,0
8.819547,0
3.5478804,0
72.990715,0
30.375315,0
5.849523,0
14.090421,0
13.291622,0
16.272352,0
64.87651,0
14.619581,0
74.54328,0
5.6405573,0
5.916495,0
0.1650328,0
65.59815,0
41.275787,0
26.876514,0
35.693897,0
44.64071,0
46.189846,0
21.14105,0
3.5415962,0
12.553461,0
1.7263323,0
20.281088,0
17.127802,0
4.213449,0
0.0039345426,0
0.0018577841,0
1.4616569,0
15.571029,0
0.05770429,0
177.35922,0
73.29149,0
10.225622,0
0.096430786,0
5.7321286,0
226.9892,0
80.94599,0
2.7330736e-13,0
4.1140756e-14,0
0.101140246,0
0.035397884,0
11.707078,0
0.33992848,0
4.6348753,0
17.018171,0
17.65999,0
72.144905,0
47.693764,0
471.1567,0
87.61237,0
76.056145,0
705.123,0
134.97713,0
285.24454,0
102.677086,0
133.91643,0
162.97978,0
7.516434,0
11.515744,0
21.448612,0
26.736784,0
0.020484619,0
0.095194936,0
0.12956193,0
21.642578,0
0.0064302525,0
9.099346e-14,0
0.018815814,0
510.6613,0
463.77127,0
107.078995,0
8.908826,0
3.3789258e-13,0
2.0997559e-05,0
0.16117525,0
496.48267,0
196.71716,0
0.021770468,0
36.009884,0
1057.3319,0
5.936613,0
0.0022127428,0
10.785449,0
535.43445,0
1181.7333,0
1560.1268,0
1231.3906,0
1267.0619,0
497.23825,0
173.0143,0
15.337646,0
29.871172,0
105.0966,0
30.055704,0
19.699238,0
31.502066,0
231.21533,0
638.61707,0
501.36505,0
1027.4801,0
1730.9391,0
1378.7676,0
1390.7423,0
690.1928,0
317.4052,0
94.48185,0
380.97128,0
908.6939,0
0.09521393,0
1.1235723,0
2.176711,0
0.43747512,0
0.06630729,0
92.69877,0
241.95763,0
713.5534,0
1288.4633,0
368.14307,0
132.2495,0
55.6451,0
11.419205,0
19.572224,0
17.682459,0
21.849575,0
15.780835,0
0.00455847,0
2.914264e-10,0
0.8738464,0
2046.8888,0
1538.991,0
1516.1858,0
1673.0555,0
1454.891,0
1006.4852,0
307.84753,0
97.92318,0
43.37332,0
33.831585,0
33.62231,0
53.660164,0
33.719376,0
218.25981,0
306.86133,0
1326.1813,0
1456.7721,0
27.548386,0
26.71572,0
9.704772,0
24.595058,0
7.1924477,0
5.4467006,0
0.00249471,0
46.571293,0
2.477286,0
416.4337,0
1081.6561,0
1213.0515,0
1259.8684,0
1791.9503,0
2160.2844,0
2175.173,0
2672.3237,0
1069.4862,0
143.54442,0
720.0593,0
634.5724,0
85.81903,0
0.0842522,0
0.0030856412,0
0.032018278,0
8.174421,0
99.0464,0
1241.4679,0
3836.472,0
1585.4045,0
21.592592,0
0.0010358795,0
0.019166773,0
0.1324796,0
2.9046602,0
923.4432,0
1349.8187,0
2061.5325,0
1962.1876,0
1249.2991,0
1767.0217,0
1474.868,0
2011.2018,0
1937.6859,0
2313.8276,0
263.64294,0
21.063475,0
122.8981,0
24.98249,0
16.14544,0
232.54048,0
1242.8765,0
1621.3107,0
1857.3527,0
1320.7377,0
870.7247,0
1396.0876,0
220.38448,0
166.69714,0
18.220575,0
13.525914,0
2850.516,0
3342.6182,0
751.49365,0
508.6588,0
1545.0095,0
1551.8589,0
2198.451,0
1931.3563,0
2264.3535,0
2355.2742,0
2174.82,0
2309.6074,0
1984.38,0
1707.9479,0
1666.8231,0
1145.3447,0
1173.5736,0
1187.0938,0
967.92017,0
1358.6765,0
806.8415,0
593.1817,0
293.11255,0
43.691303,0
11.190669,0
12.199481,0
0.14136656,0
0.13084179,0
1.7954302,0
248.1881,0
2567.0977,0
2544.6401,0
1990.6493,0
2296.1558,0
1766.3265,0
1827.8312,0
2124.7476,0
1441.8624,0
1258.5457,0
200.78287,0
0.067298174,0
14.9708395,0
108.59853,0
131.71045,0
21.985546,0
137.99846,0
427.96155,0
14.525856,0
5.956823,0
3.673642,0
0.07964074,0
46.843086,0
19.503084,0
189.05627,0
1251.6492,0
1402.9655,0
775.94867,0
570.2063,0
18.353994,0
3.1658819,0
124.99805,0
29.747591,0
1165.9191,0
378.30676,0
1383.3486,0
1559.156,0
341.70755,0
10.86866,0
29.41334,0
17.140528,0
40.49596,0
0.24379265,0
24.158623,0
33.039135,0
40.636223,0
64.52826,0
36.711025,0
18.864462,0
54.058884,0
67.594215,0
71.33744,0
137.20651,0
14.7761755,0
0.3121017,0
57.081196,0
51.545082,0
2.692162,0
751.8038,0
1995.0396,0
1262.3052,0
934.0335,0
1572.91,0
1290.7809,0
1406.2664,0
1046.7147,0
81.56782,0
48.702847,0
44.118835,0
104.88444,0
220.10796,0
210.52122,0
205.95062,0
328.81714,0
204.20676,0
113.66855,0
104.95179,0
3.546553,0
13.445604,0
0.36966702,0
34.007816,0
55.30223,0
2.3453932,0
1.8938088,0
137.12996,0
28.91738,0
14.884854,0
48.26009,0
632.5031,0
679.9962,0
816.3262,0
796.12366,0
581.1435,0
808.29114,0
505.7442,0
1189.5084,0
83.32278,0
33.94363,0
289.2385,0
286.0314,0
265.4422,0
141.47868,0
6.3598604,0
9.519686,0
1.5018433,0
0.09248225,0
107.43111,0
35.50722,0
77.83223,0
22.460861,0
7.753375,0
41.625748,0
54.654526,0
13.76726,0
251.77095,0
218.67667,0
56.830437,0
459.26685,0
457.64642,0
373.8168,0
1048.0392,0
41.26014,0
39.677917,0
563.18506,0
523.74896,0
168.1011,0
182.48535,0
102.65833,0
125.682274,0
111.629456,0
1.1192998,0
0.102479085,0
5.4533777,0
1.0534126,0
7.455584,0
111.06096,0
57.88842,0
33.581146,0
10.623946,0
22.656437,0
56.862545,0
64.303665,0
0.9277911,0
3.647492,0
0.008355029,0
62.41384,0
109.39214,0
706.2157,0
461.94647,0
569.9851,0
115.96948,0
69.52935,0
522.93054,0
800.45154,0
1010.1623,0
1371.3665,0
1499.3722,0
442.33936,0
321.6789,0
303.91733,0
64.356255,0
74.37758,0
2231.198,0
1497.9711,0
1639.6332,0
1862.961,0
533.5705,0
3.3829183e-15,0
4.365067e-15,0
0.32746494,0
0.27046156,0
25.988888,0
20.341288,0
20.613493,0
27.28883,0
23.27134,0
33.364532,0
0.16896236,0
0.004036531,0
0.4371852,0
5.402583,0
1.1175118e-12,0
12.176873,0
19.785568,0
7.5470095,0
0.00051394023,0
0.0756712,0
197.56647,0
1261.3119,0
764.10547,0
1540.453,0
1707.2167,0
984.3244,0
1397.9602,0
622.0627,0
2132.7935,0
1679.5226,0
1459.6855,0
1541.2013,0
893.5741,0
1347.427,0
1298.4745,0
587.665,0
250.6715,0
109.71778,0
36.14738,0
0.09355512,0
0.0004049529,0
456.44684,0
215.74924,0
181.7026,0
1082.545,0
46.09119,0
9.150635,0
7.7188933e-14,0
0.005532357,0
0.014411325,0
166.60487,0
176.22626,0
207.18307,0
89.22149,0
122.97678,0
31.444931,0
0.080834605,0
175.01158,0
138.47766,0
1.2876916e-14,0
0.0009188932,0
0.0059143123,0
1.7092162,0
20.057934,0
78.56293,0
681.39496,0
219.05368,0
982.46606,0
1218.3934,0
1123.2797,0
956.3762,0
1082.2931,0
963.7333,0
1665.0767,0
1916.2733,0
785.4363,0
886.45514,0
509.44113,0
1493.3724,0
1283.6685,0
354.99796,0
150.35213,0
187.8706,0
0.10820243,0
10.719516,0
337.60358,0
234.57607,0
2.959989,0
67.38359,0
0.0076331124,0
1.7997909e-05,0
42.478233,0
10.012006,0
335.9954,0
707.3136,0
509.16336,0
157.68022,0
306.05542,0
586.83057,0
457.2153,0
17.298397,0
552.8787,0
915.1681,0
705.23444,0
786.15497,0
1203.8882,0
2026.6951,0
905.2448,0
669.9372,0
1941.5876,0
1185.9766,0
1732.3802,0
6.299267e-05,0
44.6109,0
0.0008399023,0
1111.594,0
1565.1147,0
0.01618512,0
95.96351,0
0.0021577491,0
864.60223,0
1025.9863,0
142.82884,0
574.44226,0
894.8187,0
265.26813,0
143.09935,0
239.78261,0
333.99805,0
1.6557064,0
457.37903,0
209.46262,0
198.4885,0
264.6359,0
2.1650083,0
614.08905,0
1399.7191,0
1799.045,0
2220.2651,0
1933.8473,0
1142.0117,0
1360.0254,0
176.15282,0
979.0458,0
1560.0438,0
1883.4333,0
1389.4333,0
349.6224,0
392.74966,0
1410.3773,0
1466.9938,0
291.04044,0
341.66562,0
565.798,0
1536.6931,0
676.1707,0
903.7629,0
630.6646,0
331.86868,0
188.96188,0
803.895,0
1022.69934,0
0.636434,0
203.20679,0
0.05453866,0
0.1470149,0
9.830781,0
1330.5205,0
1358.2924,0
479.22458,0
1774.597,0
1785.2614,0
143.2607,0
76.69925,0
768.1692,0
0.26087666,0
56.560253,0
44.554153,0
498.36664,0
1322.1598,0
2795.9204,0
0.74570227,0
798.79816,0
568.6835,0
5.9802427,0
329.58752,0
660.34607,0
6.311945,0
26.852962,0
527.08124,0
1426.313,0
6.647879,0
86.22119,0
21.628805,0
25.468012,0
72.91905,0
73.21499,0
0.08818075,0
7.848698,0
215.42032,0
2378.9907,0
194.58118,0
61.340366,0
15.712972,0
195.7427,0
116.67306,0
68.68595,0
0.061280876,0
2.1988614,0
1.4834155,0
5.808685,0
0.004637461,0
2.615668,0
9.9488325,0
9.170542,0
1774.7026,0
752.8326,0
334.1276,0
0.06529241,0
1.7087044,0
2.5628579,0
0.007982072,0
1.7709391,0
30.061815,0
29.57588,0
54.890453,0
14.346579,0
11.133565,0
28.280104,0
43.83559,0
25.626612,0
32.11113,0
23.59542,0
27.817072,0
14.2134285,0
39.142097,0
67.6228,0
12.9576645,0
777.4292,0
784.24603,0
754.9049,0
679.094,0
343.32272,0
104.63216,0
6.430579,0
5.213778,0
4.3456516,0
2.641652,0
899.7617,0
972.64075,0
1152.541,0
1429.0581,0
901.6655,0
853.9907,0
952.46893,0
1177.8208,0
581.9516,0
173.26881,0
565.18036,0
77.301834,0
198.6331,0
131.90228,0
72.892624,0
0.009926846,0
0.01848085,0
835.8736,0
1295.2898,0
1343.2417,0
950.9925,0
124.87182,0
11.185803,0
69.22304,0
128.10677,0
225.57181,0
8.479217,0
13.438042,0
28.476528,0
26.038912,0
13.879417,0
0.0004109522,0
0.013486432,0
2.0799732,0
1025.8754,0
965.741,0
1422.5059,0
1681.3689,0
1349.6708,0
40.753643,0
105.13363,0
7.610784,0
1328.7313,0
57.234802,0
136.35883,0
2.458584,0
25.930798,0
5.1555085,0
0.00039895362,0
0.024105197,0
5.82402,0
2.9883676,0
1129.1,0
1187.34,0
1332.5642,0
1521.3802,0
1475.7349,0
133.7401,0
2275.1824,0
2364.0618,0
3087.7722,0
1844.1187,0
412.93832,0
12.442578,0
0.06381058,0
0.0039865365,0
0.0022657367,0
3.405295,0
20.02886,0
1694.158,0
2229.5693,0
1826.0568,0
2859.168,0
2374.3486,0
1490.3904,0
261.7319,0
6.0597644,0
186.57149,0
359.22433,0
429.57297,0
1844.3094,0
1559.0353,0
1535.1179,0
1647.6096,0
1215.8105,0
430.84402,0
6.492052,0
2.0184424,0
0.03344011,0
2.9075658,0
21.013987,0
3030.1726,0
2101.0166,0
2776.5457,0
2867.8645,0
2248.9119,0
568.2471,0
0.0039775376,0
0.0022897338,0
0.64623386,0
4.80545,0
2352.13,0
2375.4324,0
2439.44,0
2565.5317,0
1861.0626,0
5.813197,0
22.176306,0
2665.9387,0
1974.1031,0
2102.952,0
2229.498,0
3725.7297,0
2881.1865,0
1223.5938,0
2757.376,0
4492.4707,0
3093.002,0
2757.1287,0
2919.8818,0
2887.4602,0
2859.716,0
2475.7642,0
2373.5532,0
1919.8663,0
2336.9087,0
0.78508174,0
2570.991,0
1455.9276,0
2978.362,0
3452.7368,0
2133.5652,0
1177.7035,0
1701.6451,0
1313.8123,0
2297.5579,0
1837.1174,0
1.0206374,0
1796.1686,0
1801.552,0
1634.0492,0
20.831003,0
11.534328,0
14.03087,0
2998.6167,0
1822.1586,0
2601.4824,0
1498.0282,0
998.7711,0
1294.8904,0
1173.3042,0
1840.2692,0
1924.5032,0
3.6355262,0
0.00050994067,0
3.1018772,0
369.31653,0
133.74362,0
6.64156,0
98.85007,0
29.467468,0
27.267393,0
16.000605,0
295.08652,0
230.87833,0
66.942444,0
258.90005,0
183.90872,0
110.75477,0
78.93418,0
100.72919,0
77.26664,0
108.96674,0
15.664858,0
89.975525,0
60.204704,0
0.5719365,0
2340.0847,0
2126.6882,0
1370.1456,0
1369.7598,0
2286.966,0
1197.8016,0
1339.8713,0
1042.8037,0
288.74164,0
3303.4358,0
2000.5573,0
2293.8364,0
2225.763,0
2381.144,0
3238.1802,0
2148.295,0
1664.9478,0
1362.7916,0
4.0973067,0
106.64773,0
55.7899,0
32.694126,0
135.82616,0
247.9703,0
2568.1865,0
2113.2708,0
2251.6875,0
1968.8392,0
2493.3794,0
2693.495,0
2045.693,0
892.77997,0
490.19296,0
1248.7557,0
397.7036,0
71.73875,0
391.77545,0
100.71255,0
1.3458564,0
2133.7148,0
2339.0283,0
1828.073,0
2428.5356,0
1796.342,0
998.58307,0
545.8969,0
1162.6832,0
210.5528,0
9.546305,0
71.14259,0
2076.48,0
2671.718,0
439.02704,0
517.21655,0
497.5803,0
1593.6906,0
1622.2365,0
1293.4939,0
2201.5056,0
1792.2347,0
1422.9459,0
880.6881,0
1181.9635,0
288.45642,0
1319.3806,0
868.73883,0
1207.6283,0
3224.8867,0
932.24023,0
1207.3787,0
1736.3716,0
863.243,0
1437.6744,0
160.77867,0
278.7772,0
0.0055283573,0
126.73756,0
149.64485,0
118.36131,0
95.27224,0
3067.2407,0
2390.2725,0
656.31995,0
162.22841,0
1260.621,0
1591.3539,0
653.3654,0
0.18089098,0
368.10547,0
4.311512,0
183.68495,0
2029.4971,0
2313.5754,0
1215.6787,0
803.5842,0
236.3374,0
227.16599,0
268.1865,0
2216.2102,0
1217.0209,0
535.5209,0
0.007147169,0
7.259305,0
907.0739,0
3610.807,0
2431.0674,0
1666.2502,0
218.35217,0
172.84193,0
92.50488,0
119.05611,0
143.38309,0
0.07082777,0
24.373356,0
500.0968,0
1011.12115,0
2749.4016,0
2182.5085,0
2328.2742,0
687.2174,0
327.28162,0
84.15761,0
100.538795,0
122.5485,0
1464.6298,0
966.97864,0
1159.6895,0
1053.4165,0
667.61475,0
33.339806,0
54.847397,0
98.06401,0
795.6991,0
1258.4011,0
2633.8687,0
1526.2207,0
1385.8671,0
962.74207,0
833.89636,0
431.3467,0
788.2991,0
63.722446,0
1188.7954,0
1680.2703,0
1456.8865,0
2733.5876,0
1762.9564,0
1516.3391,0
2240.9968,0
736.8179,0
992.31537,0
501.82892,0
535.7144,0
89.39621,0
29.375525,0
979.91174,0
210.60124,0
1022.48474,0
848.62006,0
323.3448,0
987.9437,0
1046.9047,0
60.580395,0
461.39914,0
356.3648,0
301.4528,0
203.81598,0
23.444971,0
217.74905,0
37.84037,0
66.88958,0
34.886654,0
29.860863,0
328.8939,0
9.265858,0
58.328426,0
177.57568,0
157.59457,0
178.62096,0
254.44249,0
87.74134,0
28.172369,0
202.86221,0
130.13081,0
101.523125,0
83.656586,0
1802.3251,0
1385.3911,0
1818.3512,0
1396.8156,0
1598.9817,0
1455.4388,0
1490.5457,0
1926.0084,0
0.005013417,0
374.97064,0
30.079367,0
3.9190195,0
51.025425,0
2947.118,0
2512.0122,0
847.67993,0
1261.1648,0
262.5581,0
0.10655961,0
0.52650976,0
0.023171308,0
0.31682217,0
0.096169814,0
1.892483,0
5.4307857,0
0.003312615,0
0.047566473,0
6.876683,0
0.5395063,0
5.2519712,0
263.2027,0
998.3886,0
803.44324,0
2513.4485,0
0.0035145914,0
66.05321,0
0.2536575,0
24.176146,0
55.4569,0
1517.0151,0
1213.1104,0
505.33115,0
5.943135,0
0.061895803,0
4.9660506,0
9.4877615,0
143.42615,0
0.0032856178,0
0.099476434,0
3.905882,0
14.080489,0
5.0511227,0
14.270997,0
9.909366,0
189.97058,0
350.04556,0
1190.8518,0
1747.4932,0
1831.2876,0
2364.1646,0
3362.6755,0
3464.7566,0
3635.8118,0
111.914925,0
1989.156,0
634.0421,0
0.033321124,0
0.14962961,0
0.0023387282,0
0.001075875,0
0.0011218697,0
0.2502179,0
5.157437,0
11.636083,0
0.28317207,0
0.018704824,0
0.0068532033,0
0.12969393,0
0.22834244,0
514.2611,0
904.49365,0
2778.6965,0
3653.7583,0
933.3652,0
1863.4626,0
3461.011,0
0.029118612,0
0.09775864,0
18.693796,0
729.8928,0
499.46866,0
1731.8916,0
1295.9287,0
697.92505,0
792.06665,0
697.49304,0
901.938,0
38.807056,0
1405.5638,0
1392.5251,0
1664.2765,0
865.1034,0
615.4647,0
599.1097,0
720.9278,0
172.10161,0
250.93532,0
2279.0388,0
1349.4423,0
0.10173817,0
0.0042445064,0
0.011990606,0
0.0010708756,0
0.41216707,0
855.6075,0
96.911995,0
30.788074,0
803.9736,0
1713.1274,0
1099.235,0
1931.1681,0
259.8423,0
862.97015,0
2141.7922,0
2116.8428,0
859.8074,0
356.13245,0
431.71606,0
3446.7637,0
3321.9292,0
2999.987,0
3211.9756,0
786.3803,0
82.45617,0
185.0038,0
0.038117565,0
0.0034396,0
2.3334923e-14,0
5.338706,0
0.06979289,0
0.029485572,0
0.0039855368,0
116.918365,0
2.7456203e-13,0
1.255674,0
218.36879,0
596.03595,0
1055.0253,0
1059.0754,0
393.9891,0
1789.9917,0
2643.889,0
2929.3452,0
2386.301,0
1638.6562,0
1822.2603,0
1652.0747,0
2300.2642,0
2079.546,0
1255.5188,0
429.61166,0
475.28705,0
449.08582,0
235.64893,0
1937.3413,0
1.6633856,0
0.002570701,0
20.239462,0
355.59573,0
11.878944,0
66.25995,0
3.2708607,0
2.3460417e-13,0
9.8186724e-14,0
3.088884,0
91.393166,0
1401.5059,0
856.61304,0
2427.226,0
2094.082,0
2121.6904,0
1843.2571,0
2244.6511,0
1958.3448,0
1249.2637,0
2263.2358,0
2116.5752,0
1513.7123,0
788.0373,0
672.881,0
683.2353,0
840.03754,0
797.69495,0
1200.8342,0
1923.5844,0
2298.8398,0
1373.3959,0
636.73505,0
3.6066365e-14,0
2.071988,0
116.206314,0
712.11005,0
1162.905,0
735.58936,0
920.0298,0
802.04645,0
1219.7017,0
1147.3096,0
1674.089,0
1815.3204,0
1668.1023,0
1598.9004,0
1418.0448,0
1903.3741,0
1624.5111,0
1884.4081,0
2686.1877,0
3463.676,0
1298.3452,0
441.78635,0
562.21027,0
1034.9138,0
631.0918,0
1912.0074,0
3082.013,0
0.22345702,0
0.0020687594,0
6.7121363,0
19.20418,0
144.92268,0
189.5906,0
13.290318,0
115.20935,0
550.61176,0
1290.1929,0
2214.8857,0
1781.9247,0
2067.3188,0
2117.9094,0
4946.7,0
5037.787,0
1124.8057,0
1004.13715,0
1210.6393,0
851.0498,0
2201.9229,0
2791.7312,0
635.14154,0
770.6437,0
548.1377,0
809.07666,0
401.64978,0
934.11566,0
14.36756,0
1436.4177,0
493.83514,0
2004.2224,0
926.07385,0
649.3553,0
909.5987,0
829.44446,0
1313.7886,0
791.95636,0
557.15454,0
58.90316,0
632.8436,0
347.53647,0
426.6017,0
1083.7394,0
1066.2828,0
1524.4979,0
1634.4261,0
1558.088,0
1307.8312,0
1664.951,0
1403.1614,0
2238.9321,0
1445.1245,0
1453.7222,0
2160.3713,0
1765.3447,0
2894.8352,0
2978.441,0
3490.4055,0
0.18474352,0
0.028372701,0
173.34248,0
0.013805396,0
1.3748143e-13,0
334.25427,0
804.0308,0
1317.7385,0
994.58484,0
1274.0065,0
1804.5194,0
1801.3525,0
1796.4036,0
2122.9492,0
2844.2666,0
3278.1143,0
1918.257,0
1516.6205,0
1839.3922,0
10.232491,0
0.0018687828,0
47.764458,0
620.9771,0
1504.7584,0
987.32623,0
1519.1104,0
1094.8285,0
308.10504,0
163.23163,0
1436.7551,0
1213.7177,0
1520.2432,0
1894.796,0
3152.3286,0
2358.2358,0
1423.1504,0
1835.4347,0
2883.698,0
3687.8792,0
239.74854,0
167.99765,0
2188.6106,0
498.9976,0
246.02875,0
713.9177,0
858.3625,0
138.83545,0
227.48732,0
512.6698,0
37.83988,0
462.8402,0
424.89038,0
450.22104,0
192.80728,0
803.0975,0
2249.5762,0
2636.9756,0
1832.3717,0
856.9621,0
1271.909,0
1911.092,0
1138.5815,0
1690.8746,0
1548.5112,0
2085.0474,0
2401.401,0
3289.9292,0
2263.5403,0
1816.6409,0
4422.292,0
2938.1929,0
2028.5856,0
3278.444,0
0.0056723407,0
218.4457,0
7.697319,0
0.22303207,0
3.526821,0
0.1841576,0
343.1433,0
463.11188,0
491.0552,0
401.57794,0
215.31786,0
634.6178,0
961.54517,0
1443.9584,0
1857.2286,0
3126.6028,0
2939.1636,0
2246.6355,0
2401.478,0
4946.157,0
3076.0303,0
1760.4934,0
1111.261,0
970.81396,0
694.4383,0
941.0262,0
265.2332,0
56.823414,0
216.13414,0
90.59791,0
87.82098,0
1185.1713,0
2175.168,0
206.73286,0
175.38077,0
394.21414,0
2010.5964,0
474.11157,0
57.33599,0
0.002933659,0
588.9874,0
1093.1869,0
6.948882,0
341.081,0
401.8291,0
349.58606,0
714.91693,0
54.837437,0
3055.6707,0
2840.12,0
832.1453,0
1367.5392,0
1854.5873,0
3833.1792,0
2777.414,0
3625.074,0
17.425955,0
0.0404333,0
0.095284924,0
0.0022947332,0
0.3903096,0
790.46606,0
1506.7147,0
2580.0208,0
1009.02325,0
984.8568,0
1350.8853,0
1966.071,0
1189.8812,0
4123.489,0
4033.0618,0
3106.5332,0
3199.6216,0
3181.897,0
502.30222,0
2490.995,0
2116.699,0
2420.3508,0
1033.4734,0
2267.5515,0
758.2428,0
839.19257,0
343.87134,0
1127.316,0
757.0455,0
76.15569,0
96.02373,0
168.66277,0
80.220955,0
273.67297,0
3840.9934,0
2134.5146,0
2708.922,0
1917.5632,0
2593.9504,0
2996.3684,0
2123.566,0
3335.1165,0
2685.274,0
522.39246,0
0.12658928,0
3.69957e-05,0
978.54193,0
2004.9106,0
2182.8162,0
1506.3727,0
758.02997,0
773.64294,0
3190.7246,0
2634.6318,0
3857.9797,0
3373.5188,0
4619.659,0
3634.7178,0
2330.0017,0
4360.6436,0
4778.1113,0
5442.065,0
3395.6804,0
1854.2552,0
1133.317,0
1213.356,0
930.16266,0
1118.3125,0
608.3812,0
920.25684,0
1445.8507,0
1392.9476,0
1165.9082,0
1089.5254,0
708.49255,0
1273.7339,0
1485.0619,0
1636.4478,0
1434.9551,0
515.96747,0
2755.0496,0
2611.7231,0
3594.621,0
4489.5317,0
2679.0437,0
4192.889,0
2909.443,0
3190.6926,0
3269.3306,0
1347.2664,0
2.2555928,0
0.111414045,0
0.10585069,0
801.81537,0
556.76105,0
0.004747448,0
696.048,0
1493.5155,0
1573.2277,0
83.64222,0
1998.475,0
0.0963728,0
309.2617,0
1460.454,0
263.9245,0
1551.746,0
1460.1963,0
747.966,0
1073.4406,0
1783.8113,0
1170.4788,0
1606.5632,0
2620.1108,0
2616.3623,0
1154.3639,0
4353.135,0
3001.275,0
3379.3613,0
3578.221,0
4889.567,0
5144.3457,0
2890.0437,0
3266.2163,0
5508.505,0
3493.5015,0
2251.2144,0
4064.178,0
0.01728999,0
3.2934346e-13,0
22.220213,0
1323.1825,0
788.23615,0
1413.1365,0
848.9288,0
902.3907,0
568.2524,0
949.06696,0
1461.6287,0
1205.402,0
920.679,0
5296.2036,0
4070.6326,0
2073.1323,0
2782.6604,0
4346.7905,0
4095.2046,0
4476.494,0
3260.781,0
4090.711,0
4519.255,0
1836.3174,0
3734.8955,0
567.0956,0
441.74292,0
695.94446,0
709.5649,0
1024.4158,0
1239.9446,0
1731.0377,0
1523.4175,0
2205.338,0
1737.7291,0
1308.8567,0
1282.6398,0
1853.206,0
2847.451,0
3675.6372,0
3133.0962,0
5720.043,0
3327.414,0
2734.5215,0
2566.4521,0
2158.2185,0
2855.6711,0
3390.4805,0
0.0013048484,0
0.0893736,0
0.45703888,0
0.00012498547,0
154.41238,0
784.0462,0
1316.2871,0
1173.8611,0
2957.9688,0
3653.9238,0
3210.1821,0
1860.9672,0
4672.2954,0
2827.7014,0
3829.578,0
3904.6633,0
3220.591,0
3030.36,0
3191.5596,0
4257.1865,0
3351.8008,0
4042.5896,0
5203.1265,0
4.2086687,0
1.0776259e-14,0
46.976192,0
590.50214,0
740.11975,0
869.5276,0
793.2768,0
811.71814,0
817.02844,0
2487.7722,0
2064.6682,0
2116.576,0
952.5743,0
435.4282,0
534.9466,0
4710.286,0
3402.3574,0
4545.6196,0
4569.7515,0
5537.536,0
3220.1838,0
3243.2334,0
2045.5242,0
1820.41,0
2560.6646,0
0.0027536799,0
0.15924649,0
2399.9475,0
1448.5878,0
2421.165,0
886.9515,0
525.28015,0
177.10333,0
2926.6387,0
905.3454,0
359.70972,0
787.44824,0
2153.4097,0
3.3092692,0
2818.505,0
3592.6975,0
2156.6597,0
2555.737,0
2717.5237,0
1199.6322,0
301.12762,0
52.353157,0
0.014622301,0
0.014751285,0
2.2098096e-13,0
0.025354052,0
331.8415,0
806.5635,0
421.3927,0
806.94147,0
570.2852,0
971.4042,0
1419.1112,0
2742.3896,0
2725.246,0
2985.4512,0
2682.8794,0
2567.8928,0
3716.6755,0
3600.4753,0
1571.6471,0
595.8181,0
362.7324,0
280.30673,0
1379.2568,0
318.87756,0
0.007200163,0
0.0006229276,0
50.212605,0
933.4736,0
1932.2063,0
1525.4985,0
1.0090977,0
2115.1797,0
11.406313,0
930.03656,0
1040.4071,0
1420.2341,0
1323.6937,0
1973.5266,0
681.26685,0
1018.587,0
1088.7919,0
587.95917,0
2288.3254,0
2859.0447,0
2394.8652,0
2450.1125,0
2635.4695,0
346.39224,0
787.7005,0
268.79214,0
2271.8516,0
1908.8611,0
1626.1768,0
476.41837,0
197.55681,0
164.91212,0
502.62256,0
869.9323,0
1732.1825,0
595.96674,0
0.029551564,0
0.09535191,0
0.029602557,0
0.07416438,0
0.0057333335,0
34.6921,0
1.3859788,0
198.04869,0
551.2542,0
531.35736,0
2851.2585,0
2839.9268,0
3123.5603,0
2978.5789,0
2990.857,0
2592.8345,0
2834.653,0
2342.4888,0
2685.4224,0
2349.532,0
3106.9917,0
519.9152,0
2367.219,0
2661.4124,0
2490.2754,0
509.6084,0
800.6498,0
900.7455,0
685.34766,0
2519.316,0
2494.8735,0
2608.4866,0
3162.074,0
2187.582,0
2253.1892,0
2516.4136,0
1848.8116,0
1050.6704,0
1119.9296,0
4307.194,0
3447.646,0
6196.4067,0
2011.741,0
2378.6096,0
2726.642,0
44.110718,0
4.4252596,0
0.8547126,0
1529.4724,0
2174.382,0
1303.694,0
0.03636577,0
0.0645635,0
0.4422406,0
3.295209,0
42.39881,0
349.9976,0
928.9588,0
3862.0435,0
3918.6772,0
4717.055,0
3524.9136,0
2774.294,0
2904.127,0
2579.246,0
2924.9192,0
3319.0308,0
1900.8625,0
2571.2788,0
2610.9307,0
3626.3499,0
2682.4355,0
148.86166,0
1388.2137,0
35.82072,0
1447.1364,0
1649.0234,0
878.3983,0
1159.9961,0
1927.8046,0
2680.0076,0
2153.7908,0
2750.6887,0
1595.031,0
3097.8782,0
3167.3381,0
3195.64,0
3470.5078,0
2305.2456,0
1816.9952,0
1564.0198,0
1895.7946,0
2372.5815,0
2291.78,0
2429.4434,0
2280.5437,0
633.8209,0
2522.129,0
1278.85,0
1316.7401,0
652.42444,0
0.016352098,0
3.0939052,0
0.05581351,0
0.004835438,0
1810.4817,0
990.23645,0
4465.434,0
3977.2246,0
3363.5093,0
3301.612,0
3878.3008,0
2556.175,0
3439.0918,0
3697.5188,0
3827.3953,0
3633.6855,0
4034.387,0
3970.0715,0
3416.98,0
102.55925,0
0.24707727,0
165.17676,0
127.91985,0
665.74274,0
565.1297,0
853.4311,0
1415.1995,0
1678.279,0
1835.8496,0
1696.4736,0
2069.361,0
2563.4036,0
2008.4088,0
2707.2354,0
3224.6677,0
2124.1025,0
2642.0645,0
3529.9478,0
1829.7397,0
240.15787,0
146.17693,0
48.68363,0
1.9517262,0
1916.3241,0
2913.1677,0
717.84735,0
0.0009168934,0
3.5193353e-15,0
0.007489129,0
0.005883316,0
0.06401055,0
1.8365315,0
2505.441,0
3343.281,0
3132.512,0
4676.751,0
3626.4956,0
3652.4636,0
2399.658,0
3600.443,0
3463.5244,0
2881.7698,0
4893.749,0
4272.275,0
3901.511,0
1866.3608,0
2724.1997,0
2710.7305,0
0.6268661,0
640.89716,0
951.1031,0
1123.6837,0
1041.3671,0
1028.2018,0
1306.2213,0
1396.4683,0
1752.5078,0
2466.9453,0
2209.2397,0
2313.7354,0
3254.397,0
2773.3564,0
1529.271,0
2706.4355,0
2282.1035,0
2575.4812,0
1.573493,0
11.242166,0
0.0117006395,0
0.03927243,0
1.5605075e-13,0
0.2329829,0
0.24964496,0
7.4855137,0
0.23855327,0
0.25562128,0
0.0404373,0
0.63917667,0
1911.3147,0
2615.6262,0
2642.2134,0
3923.9,0
3504.9575,0
3989.7957,0
3745.9849,0
3529.4312,0
2129.8706,0
2580.419,0
2263.4604,0
268.15747,0
1.7320776,0
2.545119,0
5.4134855,0
1753.419,0
2397.9233,0
2711.024,0
2710.8298,0
2214.4575,0
3246.462,0
4743.355,0
3327.7249,0
2614.3796,0
2546.3723,0
3051.2407,0
3872.353,0
1538.7338,0
2950.3076,0
3863.5762,0
3242.1367,0
28.705538,0
6.5188613,0
0.17054017,0
0.0011458668,0
0.59303206,0
9.024735,0
0.025938984,0
43.569645,0
3.3324635,0
1346.563,0
554.84155,0
731.415,0
914.8083,0
1074.8733,0
1392.8307,0
1365.423,0
1906.0094,0
1606.6401,0
2277.248,0
2229.7324,0
160.3537,0
0.73517555,0
0.41389188,0
15.720208,0
194.52,0
293.1524,0
191.26277,0
1999.4277,0
673.41534,0
4673.0405,0
6222.3735,0
3429.9238,0
4837.378,0
3391.3582,0
2641.593,0
5357.812,0
3369.5505,0
3540.716,0
3336.4006,0
3081.8013,0
3374.7283,0
3505.8237,0
3930.3154,0
3167.0442,0
2584.1921,0
1.9534038,0
729.03546,0
1042.9202,0
477.4238,0
1219.8187,0
631.1367,0
843.9067,0
1074.7203,0
1765.3044,0
1572.2958,0
1632.8374,0
1921.8915,0
2942.7554,0
3262.6467,0
2784.979,0
7208.365,0
9.022661,0
8.562185,0
10.57662,0
339.78345,0
1748.0718,0
864.27356,0
87.23332,0
0.6200909,0
0.010598768,0
3.0668291e-24,0
0.02819872,0
0.29102516,0
0.20164555,0
0.019313753,0
4452.0195,0
4056.9688,0
3427.039,0
3301.2097,0
3495.7224,0
2591.52,0
3409.0278,0
3534.2476,0
932.2818,0
1046.9692,0
2114.7192,0
255.21764,0
0.39069858,0
0.3717118,0
1400.0599,0
2044.8087,0
1814.5295,0
1903.6383,0
2079.8816,0
1345.5854,0
2175.3423,0
1851.0369,0
5032.9854,0
4068.1274,0
5649.068,0
4490.479,0
4011.0996,0
3509.1082,0
4657.166,0
5370.486,0
9.72843,0
95.10039,0
20.392006,0
8.918405,0
118.2927,0
15.8801775,0
31.076324,0
0.0007459133,0
0.058453206,0
1.3367675e-09,0
26.688768,0
162.28798,0
3415.439,0
2839.1582,0
1573.1254,0
1320.297,0
2951.3616,0
2232.8303,0
306.30557,0
1036.731,0
12.887124,0
0.28063437,0
0.25762704,0
0.11892917,0
1.6194859,0
29.575432,0
1008.6237,0
0.007532124,0
0.0053393794,0
0.0097738635,0
934.4212,0
648.5562,0
170.50676,0
6.9115286,0
0.07065478,0
831.9711,0
515.3466,0
811.14813,0
1466.2463,0
1785.3564,0
897.8405,0
384.58276,0
1523.9529,0
10.8712,0
459.73666,0
892.5284,0
4687.8706,0
6294.7803,0
5004.7607,0
5326.4644,0
5549.1587,0
3843.2112,0
4414.15,0
3833.2217,0
3458.5076,0
2632.8293,0
2136.098,0
3151.2942,0
2992.0166,0
2755.2434,0
3283.4275,0
2642.489,0
951.9097,0
899.6477,0
1422.2645,0
6814.2695,0
3360.7922,0
2362.6697,0
2349.7356,0
2888.6248,0
2380.0837,0
3498.5657,0
2701.1335,0
4863.7456,0
8695.512,0
4919.9956,0
3083.6006,0
5581.205,0
1791.9508,0
655.9136,0
541.6184,0
261.50214,0
78.76825,0
0.0001479828,0
1.9626589,0
154.1393,0
27.023195,0
0.18017705,0
0.22307207,0
1.2998488e-05,0
0.00067592144,0
0.120310016,0
0.7764637,0
19.9511,0
3832.668,0
2939.4043,0
1685.0322,0
843.91833,0
1435.3058,0
2546.0535,0
2764.4487,0
3070.8074,0
2599.1792,0
1793.3456,0
1819.6509,0
2727.16,0
2366.8293,0
1826.056,0
1770.0134,0
2810.5095,0
2284.1135,0
2819.6501,0
5314.7974,0
4644.3047,0
5484.657,0
255.7705,0
450.9258,0
2249.4167,0
4641.709,0
3680.9294,0
3986.596,0
4476.7207,0
4207.112,0
3584.2073,0
2004.2018,0
1416.5941,0
1427.789,0
308.9265,0
14.9760475,0
705.5394,0
0.008363028,0
115.54542,0
10.522703,0
0.37820604,0
0.5358047,0
47.705563,0
1124.8,0
1835.2186,0
3922.0303,0
3408.2068,0
3959.7134,0
2351.3447,0
929.9339,0
26.558098,0
958.0356,0
2220.079,0
2022.1498,0
2742.486,0
2896.4941,0
4917.388,0
2573.9053,0
2926.0818,0
2416.8306,0
1166.4272,0
5208.73,0
68.04841,0
517.9585,0
2559.1597,0
2925.6743,0
880.43146,0
258.8782,0
352.51794,0
1822.203,0
4511.515,0
3798.631,0
3163.1465,0
3422.5842,0
2698.9138,0
3513.1216,0
337.4904,0
2575.559,0
0.77792454,0
0.50096774,0
0.00026896875,0
0.36793524,0
0.024423162,0
0.056627415,0
21.57695,0
99.84674,0
41.981865,0
57.59718,0
1369.4592,0
4192.7197,0
4859.618,0
3063.4814,0
3192.6262,0
1920.9885,0
1786.7626,0
2101.86,0
4424.814,0
2417.066,0
1761.252,0
3128.7654,0
2417.5435,0
1795.5812,0
1904.4242,0
4299.058,0
1397.9745,0
765.52924,0
265.47787,0
6.924806,0
1018.1754,0
205.6454,0
394.2888,0
421.72726,0
701.7166,0
1681.3983,0
753.40857,0
3150.415,0
2763.78,0
1877.9824,0
3579.09,0
421.65274,0
576.94385,0
841.8534,0
1744.8672,0
3163.6426,0
2079.4182,0
1712.653,0
0.003950541,0
1.944099,0
88.610825,0
3.7696788,0
2838.1091,0
3613.5747,0
2796.5344,0
3080.0764,0
2747.8682,0
2401.716,0
2370.3276,0
1682.2094,0
199.44884,0
572.695,0
2617.7776,0
562.3257,0
2308.27,0
1716.6942,0
415.15237,0
2283.7764,0
2271.8333,0
1739.0378,0
367.8509,0
148.61456,0
1.1458617,0
0.0044544823,0
0.00012998488,0
110.58973,0
174.10222,0
0.266701,0
0.071451694,0
559.8279,0
709.01306,0
4909.7783,0
3699.7595,0
2925.2212,0
2790.5657,0
3651.6365,0
359.3379,0
583.0375,0
168.37027,0
1247.347,0
3621.9807,0
1800.7815,0
1891.3776,0
2226.2231,0
2218.8538,0
3430.3152,0
2586.6897,0
7226.281,0
6341.7104,0
2274.6372,0
2765.8645,0
4025.616,0
1221.1083,0
2400.4111,0
2435.43,0
2445.2803,0
1117.4656,0
556.7306,0
489.57446,0
230.23764,0
513.9032,0
2335.7776,0
3330.031,0
2547.9204,0
473.5583,0
604.3367,0
879.85535,0
129.48291,0
0.0020537612,0
5.445417,0
0.28391096,0
17.537971,0
0.002848669,0
3.1822067e-12,0
2.4365987e-12,0
21.145409,0
1102.5491,0
977.7544,0
931.3092,0
1184.306,0
3661.2292,0
6842.599,0
1690.7537,0
3505.9568,0
2616.114,0
610.39276,0
211.51892,0
710.7007,0
595.1939,0
2028.2699,0
2224.2346,0
2489.882,0
2406.031,0
3133.877,0
3248.5554,0
3574.0144,0
1563.6776,0
6071.138,0
4463.157,0
2562.041,0
8074.4116,0
3092.8342,0
2289.7603,0
2284.0693,0
3657.3608,0
4078.9214,0
1374.955,0
849.69714,0
667.5207,0
3988.4995,0
3488.519,0
1373.7579,0
1636.0363,0
446.65457,0
1.4216337,0
2.1557975,0
0.75195354,0
0.0033096152,0
0.16296706,0
69.12177,0
66.40319,0
6.6470874e-13,0
5.431819,0
40.24073,0
508.60556,0
1019.83307,0
449.29562,0
436.57587,0
2491.7546,0
1501.4358,0
1413.6589,0
2114.28,0
1541.1698,0
883.3338,0
2230.4575,0
837.1874,0
2150.592,0
2053.7166,0
2226.3887,0
2029.5308,0
2352.676,0
1113.8046,0
4605.899,0
5185.108,0
3411.2659,0
6774.822,0
6746.8604,0
1544.425,0
2468.438,0
2554.1064,0
2729.473,0
3129.1646,0
3997.7493,0
2846.4434,0
1982.7461,0
1543.3086,0
919.71936,0
2262.503,0
4588.1787,0
1382.704,0
1571.199,0
1260.509,0
580.81433,0
0.016284108,0
316.98096,0
2047.8958,0
3484.0989,0
4698.029,0
581.2096,0
1.7663476,0
6.3915334e-13,0
1382.1599,0
8733.025,0
1372.642,0
212.97859,0
1359.8688,0
1380.6321,0
2285.0903,0
2390.1248,0
2537.3354,0
3916.5073,0
2507.7568,0
1851.8916,0
1001.9555,0
1595.5089,0
3081.454,0
3388.846,0
2119.5098,0
2131.4766,0
511.7395,0
134.8267,0
1888.0422,0
1074.8989,0
3084.9197,0
1195.4028,0
183.17072,0
1643.6069,0
3189.478,0
2109.9668,0
1784.645,0
2770.181,0
3296.276,0
3980.73,0
2216.8909,0
2157.1519,0
2501.9126,0
2608.079,0
3953.404,0
2281.2686,0
3520.4114,0
477.56088,0
2.6827402,0
411.27502,0
1953.1833,0
1239.6776,0
1311.139,0
1036.6198,0
134.11504,0
31.222048,0
1172.0878,0
2280.584,0
3048.5972,0
1464.4843,0
545.41754,0
506.38828,0
871.4844,0
887.5185,0
1635.2568,0
756.82367,0
793.33844,0
3037.3296,0
1966.258,0
1635.3354,0
1607.4716,0
2012.9702,0
2927.579,0
1957.6305,0
454.76135,0
6.735909,0
3.7305982,0
84.56115,0
152.00343,0
255.52617,0
449.54028,0
2282.585,0
2068.0881,0
2198.8264,0
3419.6172,0
2555.4668,0
3142.2012,0
2674.8118,0
2362.0598,0
458.85724,0
2362.1519,0
2117.101,0
2047.471,0
2233.3486,0
2905.2437,0
3948.3218,0
3432.8984,0
883.5934,0
29.715717,0
431.96573,0
451.85294,0
701.268,0
2235.9766,0
1248.7836,0
224.31093,0
26.616371,0
2271.667,0
2805.7888,0
549.8187,0
27.319351,0
1420.8088,0
1368.169,0
1696.6769,0
773.79553,0
1895.371,0
2664.2183,0
1948.6584,0
2712.8716,0
1440.6912,0
274.6084,0
91.52408,0
124.27293,0
559.5758,0
1925.6101,0
838.9118,0
129.76137,0
2.20221,0
61.485924,0
740.74255,0
566.5272,0
474.51425,0
918.51984,0
1145.8314,0
3375.1309,0
1718.4071,0
920.53656,0
1666.2612,0
2639.0195,0
4061.3335,0
4057.3586,0
2855.4915,0
1538.6189,0
1777.8975,0
2296.6587,0
1278.831,0
3372.4744,0
2283.7563,0
1403.0406,0
81.27736,0
1100.8663,0
768.7087,0
1252.6746,0
1248.0261,0
643.7931,0
11.6155615,0
13.593167,0
629.0892,0
1013.7158,0
1014.499,0
1547.4778,0
3622.4011,0
2213.8704,0
28.951006,0
267.81448,0
1503.6189,0
704.18365,0
1290.9875,0
3492.3462,0
3384.7253,0
4698.282,0
2130.2612,0
2292.4714,0
3528.845,0
1984.9567,0
3654.1235,0
4815.4097,0
1357.218,0
291.60367,0
276.7285,0
180.29079,0
389.57605,0
2011.5809,0
6091.79,0
382.2649,0
1641.708,0
928.72504,0
977.1468,0
0.26379034,0
1520.8552,0
2612.3164,0
3557.4165,0
3884.8638,0
5111.421,0
2591.303,0
726.6576,0
1093.3337,0
2437.83,0
1287.9928,0
926.14496,0
218.99802,0
0.0011028721,0
3993.3528,0
6401.4697,0
9512.318,0
4776.3574,0
2850.4905,0
1577.1442,0
99.8624,0
211.51917,0
1501.9816,0
958.4596,0
2981.875,0
3561.0527,0
6243.1064,0
4349.848,0
1080.8873,0
710.48096,0
792.63947,0
245.80605,0
1097.6602,0
129.58286,0
1.8212383,0
2884.6763,0
1070.2042,0
1744.2552,0
1872.9462,0
2614.1523,0
2482.3125,0
1885.6758,0
1729.8585,0
865.08905,0
153.12117,0
64.66348,0
2496.8596,0
2499.8882,0
2750.3867,0
8993.383,0
2320.479,0
708.6765,0
1027.3738,0
1478.2737,0
1628.3275,0
569.0167,0
1758.7822,0
2364.3162,0
3144.5295,0
2099.4368,0
4224.207,0
2659.6594,0
396.24265,0
2149.1914,0
1364.839,0
1463.9802,0
1511.1837,0
286.14383,0
1077.2423,0
7309.576,0
1385.8167,0
5580.073,0
550.63074,0
844.25745,0
306.3438,0
460.1437,0
631.7397,0
1391.2098,0
641.8621,0
1781.5917,0
124.4012,0
1838.4084,0
2074.853,0
1766.1512,0
2880.6274,0
3103.421,0
2404.4856,0
598.2385,0
433.04492,0
0.31198674,0
1460.876,0
914.5704,0
1342.5942,0
2178.1646,0
3058.968,0
1198.248,0
5352.8975,0
446.2079,0
0.049238272,0
10.631343,0
65.24302,0
224.09175,0
306.9269,0
1238.9092,0
1164.7765,0
600.3489,0
837.14825,0
714.8851,0
2220.2935,0
1342.3523,0
1127.6544,0
1435.1107,0
1847.1294,0
1792.764,0
326.48926,0
548.60034,0
1438.0474,0
1720.0459,0
2137.8804,0
2661.184,0
3091.6968,0
2070.4146,0
1718.655,0
2408.8938,0
298.26352,0
5153.8696,0
6219.553,0
2.4009,0
155.4142,0
21.980352,0
537.43176,0
909.39325,0
0.42886615,0
742.35706,0
902.71783,0
1913.2446,0
1047.0056,0
1107.9794,0
1106.8042,0
941.6142,0
726.1665,0
1262.9261,0
1200.0093,0
158.8378,0
668.2843,0
1857.3032,0
1948.6838,0
2110.2783,0
1031.8505,0
1162.3888,0
2552.8635,0
1765.2991,0
2441.5232,0
1585.7573,0
406.0298,0
2101.2788,0
1238.2562,0
0.06404356,0
0.006991187,0
0.7090846,0
0.7254807,0
105.95507,0
313.8121,0
1573.3728,0
1187.1523,0
978.895,0
1272.8013,0
1010.5584,0
824.9593,0
1111.9359,0
1353.3911,0
573.2967,0
1160.6166,0
1253.205,0
1634.804,0
1513.5238,0
1997.787,0
2017.6871,0
1669.4777,0
2464.751,0
2394.5623,0
1348.557,0
1890.9629,0
1416.2996,0
562.669,0
1740.1892,0
1946.5813,0
579.69556,0
0.040770262,0
1.9435041,0
1.0998721e-05,0
568.82556,0
871.67694,0
798.7232,0
703.9909,0
378.56717,0
556.36426,0
1034.8566,0
1474.8815,0
1328.7201,0
914.3777,0
1572.4417,0
907.01843,0
451.46136,0
440.6672,0
155.75732,0
1153.7593,0
1538.0964,0
1882.6396,0
1824.3328,0
1953.0844,0
3149.7395,0
2322.8152,0
2458.6597,0
343.1824,0
2741.5833,0
2325.065,0
111.56907,0
1.1931212,0
0.0050864085,0
0.007600116,0
1.7172333,0
342.96356,0
0.5650053,0
88.97864,0
323.9875,0
49.233208,0
281.279,0
548.7557,0
442.2287,0
189.79045,0
1469.7252,0
2070.0928,0
655.17957,0
1147.2314,0
112.36834,0
1898.671,0
1438.4791,0
1742.8715,0
928.9508,0
164.35594,0
2256.8384,0
1073.7307,0
1631.516,0
831.8273,0
1842.572,0
2471.0015,0
2245.2163,0
2403.7554,0
3076.831,0
2646.875,0
2547.896,0
2446.4287,0
1449.5591,0
498.0011,0
1036.4174,0
935.70544,0
1371.2389,0
1615.0891,0
1180.1832,0
2449.095,0
520.2657,0
2160.0193,0
1340.2701,0
0.83825153,0
0.039875366,0
122.255806,0
22.363955,0
142.7422,0
206.96681,0
268.43237,0
3364.8442,0
4076.4636,0
3998.8555,0
776.422,0
2.5686421,0
100.04437,0
36.399197,0
331.1056,0
304.28726,0
85.448006,0
0.50432336,0
8.299035e-05,0
2364.2756,0
1906.993,0
1048.6102,0
852.8372,0
3378.8708,0
22.76912,0
127.67758,0
7.551546e-14,0
72.29941,0
642.01904,0
243.03584,0
2071.376,0
2095.6252,0
1123.0924,0
230.53345,0
932.67584,0
682.04755,0
929.76465,0
3033.7717,0
1455.825,0
0.014585304,0
1.8375744,0
9.53836,0
17.017714,0
1.822688,0
708.75836,0
2489.4187,0
2366.4827,0
728.6103,0
1436.7224,0
900.6995,0
882.2572,0
1875.5776,0
2346.3955,0
3305.183,0
3224.8755,0
38.141575,0
1302.6813,0
942.00165,0
2222.148,0
637.76306,0
451.77225,0
1355.5867,0
2682.1895,0
3235.071,0
113.475105,0
1745.405,0
2462.4363,0
2578.3074,0
104.214325,0
54.46625,0
127.65329,0
1076.5643,0
1982.5363,0
2827.442,0
2590.6226,0
328.9963,0
1333.563,0
2588.2344,0
102.649414,0
492.83313,0
213.16504,0
231.88484,0
137.5167,0
26.717701,0
140.14035,0
839.82385,0
679.2558,0
0.0007769097,0
0.0011758633,0
8.798977e-05,0
0.0025687013,0
0.0001659807,0
0.1471209,0
0.0001969771,0
1.213265,0
0.00068292074,0
0.0028186725,0
0.0014168352,0
0.0048384373,0
0.007857086,0
1.5844839,0
0.004098524,0
0.028319707,0
0.0013488432,0
57.184467,0
26.486942,0
0.0072981515,0
1.0940808,0
0.040234324,0
0.066206306,0
198.62479,0
46.061104,0
8.927123,0
1.2886301,0
0.06277071,0
12.986181,0
343.21658,0
808.88763,0
5169.2324,1
3967.879,1
3942.2283,1
3486.8843,1
3445.7988,1
3397.11,1
3374.8682,1
3304.5886,1
3234.5098,1
3103.9446,1
3048.448,1
3040.703,1
2911.8691,1
2856.9177,1
2844.2441,1
2791.1497,1
2754.9182,1
2699.5703,1
2669.7544,1
2567.9458,1
2495.5828,1
2475.9475,1
2439.4014,1
2414.1926,1
2411.269,1
2398.5044,1
2390.5898,1
2390.0127,1
2385.6948,1
2322.1475,1
2286.3918,1
2242.6392,1
2220.855,1
2205.46,1
2176.5117,1
2123.3137,1
2112.39,1
2096.114,1
2073.4133,1
2071.8845,1
2047.6891,1
1986.287,1
1967.7828,1
1954.3798,1
1877.9105,1
1877.2485,1
1872.0103,1
1847.0883,1
1845.608,1
1772.1803,1
1751.8185,1
1748.4563,1
1705.8353,1
3338.4749,2
1625.7231,1
3233.6091,2
1602.2659,1
4739.534,3
1549.9624,1
1535.9354,1
1505.9343,1
2993.07,2
2943.5344,2
2891.3667,2
2741.6216,2
1354.0786,1
2659.215,2
1266.3706,1
2518.2437,2
2480.1,2
1217.2736,1
3625.4314,3
1170.5813,1
2321.5322,2
2303.5352,2
1135.6573,1
1119.7754,1
2128.3552,2
1972.2089,2
975.22217,1
2839.8547,3
3691.606,4
888.7387,1
884.5729,1
1735.5491,2
858.2696,1
2563.893,3
850.5082,1
1612.0103,2
1600.0198,2
763.07874,1
3020.829,4
1495.3634,2
2233.7393,3
689.8204,1
1357.7815,2
1312.0072,2
654.462,1
1284.7141,2
625.23474,1
1839.8107,3
1224.422,2
1829.1833,3
1131.0442,2
1663.2687,3
2212.3425,4
552.2892,1
2165.6125,4
520.9975,1
1543.2625,3
1403.0172,3
1379.8175,3
1348.5426,3
426.75687,1
395.77066,1
1531.9622,4
382.29095,1
1116.1947,3
1477.9149,4
1403.145,4
2788.7305,8
345.45023,1
1677.7382,5
1663.0774,5
1949.7395,6
1580.681,5
940.9975,3
2360.1287,8
4391.0215,15
570.9828,2
842.3578,3
272.59662,1
2991.6438,12
971.17224,4
228.94466,1
438.76483,2
655.0434,3
435.56674,2
1025.4025,5
598.0099,3
987.5812,5
184.73093,1
1267.886,7
631.19824,4
312.51202,2
282.2133,2
275.71686,2
260.45898,2
1340.4702,11
836.4959,7
889.8743,8
108.383644,1
535.0705,5
1348.5792,13
2557.8916,33
254.73308,5
431.47324,9
95.640625,2
1354.9481,30
1335.1174,35
125.895454,6
124.128975,6
105.41989,7
23.671986,2
1.5070378,2
0.0,0
